Taylor Swift,
Drake,
Rihanna,
Katy Perry,
Lady Gaga,
Ariana Grande,
Michael Jackson,
Madonna,
Nicolas Cage,
Michelle Obama,
John F. Kennedy,
Johnny Depp,
Will Smith,
Justin Bieber,
Justin Trudeau,
Bad Bunny,
Dali,
Pablo Picasso,
Lady Di,
Muhammad Ali,
Michael Jordan,
Jane Goodall,
Queen Elizabeth,
Walt Disney,
Leonard Cohen,
Bob Dylan,
Bob Marley,
Bob Ross,
Andy Warhol,
Michael J. Fox,
Samuel L. Jackson,
Morgan Freeman,
Laurence Fishburne,
Al Pacino,
Robert De Niro,
Jack Nicholson,
Marlon Brando,
James Dean,
Steve McQueen,
Paul Newman,
Clint Eastwood,
John Wayne,
Humphrey Bogart,
Bette Davis,
Katharine Hepburn,
Marilyn Monroe,
Audrey Hepburn,
Grace Kelly,
Elizabeth Taylor,
Sophia Loren,
Brigitte Bardot,
Jane Fonda,
Faye Dunaway,
Jessica Lange,
Meryl Streep,
Jodie Foster,
Julianne Moore,
Cate Blanchett,
Kate Winslet,
Penelope Cruz,
Charlize Theron,
Natalie Portman,
Scarlett Johansson,
Emma Stone,
Jennifer Lawrence,
Anne Hathaway,
Reese Witherspoon,
Nicole Kidman,
Julia Roberts,
Sandra Bullock,
Cameron Diaz,
Drew Barrymore,
